{"cameraMode":{"drawMode":0,"name":"Shaded","section":"Shading Mode"},"sceneLighting":false,"audioPlay":false,"sceneViewState":{"showFog":true,"showMaterialUpdate":true,"showSkybox":false,"showFlares":true,"showImageEffects":true,"showParticleSystems":true},"in2DMode":false,"pivot":{"x":6.634341239929199,"y":3.61525559425354,"z":2.742550849914551},"rotation":{"x":-0.09081175178289414,"y":0.8504695892333984,"z":-0.15635044872760774,"w":-0.49397215247154238},"size":1.9310252666473389,"orthographic":false}